,label,tweet
0,0,@united UA5396 can wait for me. I'm on the ground trying to get to the gate after we were moved to B. This is crap.
1,0,I hate Time Warner! Soooo wish I had Vios. Cant watch the fricken Mets game w/o buffering. I feel like im watching free internet porn.
2,0,"@united Oh, we are sure it's not planned, but it occurs absolutely consistently, it's usually the only YYJ flight that's Cancelled Flightled daily."
3,2,Tom Shanahan's latest column on SDSU and its NCAA Baseball Regional appearance: http://ow.ly/axhu
4,2,Found the self driving car!! /IWo3QSvdu2
5,0,@united arrived in YYZ to take our flight to Taiwan. Reservation missing our ticket numbers. Slow agent Sukhdeep caused us to miss our flt.
6,0,Driverless cars ? What's the point ?
7,4,how can you not love Obama? he makes jokes about himself.
8,4,Safeway is very rock n roll tonight
9,2,RT @jquery: The Ultimate jQuery List - http://jquerylist.com/
10,2,I saw Night at the Museum: Battle of the Swithsonian today. It was okay. Your typical [kids] Ben Stiller movie.
11,0,History exam studying ugh
12,2, Missed this. each is 'newer generation'. I'd start w allegra then go claritin then zyrtec. I don't envy you!
13,0,is being fucked by time warner cable. didnt know modems could explode. and Susan Boyle sucks too!
14,2,I hope the girl at work  buys my Kindle2
15,4,@aparajuli good luck to you 
16,0,needs someone to explain lambda calculus to him! :(
17,0,@unnitallman yeah looks like that only! &quot;busy&quot; is fucking me so yeah.. its my &quot;GF&quot; 
18,4,Loves twitter
19,0,@Mbjthegreat i really dont want AT&amp;T phone service..they suck when it comes to having a signal
20,4,@united Thank you Margo at Houston's Bush Intercontinental for getting me home earlier.
21,0,I don√¢‚Ç¨‚Ñ¢t want either! RT @clayhebert: We might get pilotless planes before driverless cars - http://t.co/y4YOxaqI
22,4,"Super cool: ""@google: The next stop on the road to a self-driving car http://t.co/x4rem8zeKy http://t.co/UPdUUaTTb6"""
23,4,@ontheMAPP DITTO! not as good as the Nirvana Sandwiches 
24,2,waiting in line at safeway.
25,4,"OMG, I would have died!!! actually no, I take that back...I keep an updated version on my X:drive so it's all good "
26,2,There's a google self-driving car parked next to me. Shall I ask for a ride?
27,0,Aw fuck - this night ended badly 
28,2,#MBA Admissions Tips Stanford GSB Deadlines and Essay Topics 2009-2010 http://tinyurl.com/pet4fd
29,4,Ok so lots of buzz from IO2009 but how lucky are they - a Free G2!! http://is.gd/Hyzl
30,4,am loving new malcolm gladwell book - outliers
31,4,"Goodby, Silverstein's new site... http://www.goodbysilverstein.com/ I enjoy it."
32,2,12 Gift Ideas For The Apple Lover Who Has Everything /0RTcyLOsAD  #technology
33,2,So the #Coachella2015 diet begins /Pm0vK2fBG5
34,2,New blog post: Harvard Versus Stanford - Who Wins? http://bit.ly/MCoCo
35,2,got a new pair of nike shoes. pics up later
36,2, Hey any chance you have an update on Flight 99 Hartford to D.C.?
37,2,Learning jQuery 1.3 Book Review - http://cfbloggers.org/?c=30629
38,0,@kirstiealley my dentist is great but she's expensive...=(
39,0,whoever is running time warner needs to be repeatedly raped by a rhino so they understand the consequences of putting out shitty cable svcs
40,4,loves chocolate milk  and that is GF YEAH..
41,4,@DonnieWahlberg I can tell u have spoken. FB &amp; Twitter are on Fire right now!!  Hope ur feelin better love.  have a great night...
42,2,"Three China aerospace giants develop Tianjin Binhai  New Area,  22.9 B yuan invested   http://bit.ly/mMiDv"
43,4,"Ok, first assesment of the #kindle2 ...it fucking rocks!!!"
44,4,@BittenbyBooks Oh good!  I'm glad you're feeling better!   I've been really good!  It'll be a crazy week though... In a good way! 
45,4,heyy loves!! just finished my record in the studio!! going to kick it with lauren c.!!  byee!! &lt;3
46,4,@united well it IS John Hughes' birthday. But I will stick w the plane &amp; hold off on trains &amp; automobiles. Gate workers are doing well.
47,2,Apples not even barely doing anything a couple features here and there google has got self driving car Google glass google tango project ara
48,4,I loved today 
49,2,"RT @WaterSISWEB: CA Merced's water bottled by Safeway, resold at a profit: Wells are drying up across the county http://tinyurl.com/mb573s"
50,2,"  we don't have much data on IND balls, but likely started at higher PSI / lower tmp than pats balls. #DeflateGate"
51,0,fucking faggots @apple
52,4,Fine-tuning part of a song Maddy and I r making.  Sounding good. I feel pro. Not. Hahaha
53,4,@amp451 good night  sweet dreamz
54,4,@SophieVeronica today was rad. we made it into the finals for cross country YAY. love you sophie &lt;3 (L) ps everythins cool with my mates 
55,4, now I'm happy 
56,0,"@amazingphoebe mmh, you are stupid sometimes, but not as much as me, for i am the stupid, fucked up, retarded one in our relationship "
57,2, they do its called Google car
58,4,"Night at the Museum, Wolverine and junk food - perfect monday!"
59,2,playing with cURL and the Twitter API
60,0,"I say we just cut out the small talk: AT&amp;T's new slogan: F__k you, give us your money. (Apologies to Bob Geldof.)"
61,0,"@united your SFO-YYJ fight is Cancelled Flightled several times each week, why even bother?"
62,4,@the_real_usher LeBron is cool.  I like his personality...he has good character.
63,0,fucking Google car in hiawatha!
64,2,First dentist appointment [in years] on Wednesday possibly.
65,0,"this hockey band look like mgmt+3, but fucking hell they're good. sabrepulse come back too "
66,0,"........*sigh* long distance i fucking hate it.  but on the brighter side,random ass road trip to famu today.then fort valley monday! oboy"
67,4,Back when I worked for Nike we had one fav word : JUST DO IT! :)
68,2,just landed at San Francisco
69,0,Ugh studying today. I need a study place/study buddy! Anyone into it?! Its also lovely out   fuck the leaving cert.
70,4,Just got my new toy. Canon 50D. Love love love it!
71,2,: #DeflateGate #Ballghazi #BallGate All Tom Brady and Belichick have to do is say they are long time democrats and base ‚Ä¶
72,2,"UP! was sold out, so i'm seeing Night At The Museum 2. I'm __ years old."
73,2, Hi guys checking in US/AA 639 JFK PHX and renewed Admirals Club today.
74,0,"I can't watch TV without a Tivo.  And after all these years, the Time/Warner DVR  STILL sucks. http://www.davehitt.com/march03/twdvr.html"
75,0,so tired. i didn't sleep well at all last night.
76,4,Google has a self driving car!!!! Awesome
77,0,could time-warner cable suck more?  NO.
78,2,Missed this insight-filled May column: One smart guy looking closely at why he's impressed with Kindle2 http://bit.ly/i0peY @wroush
79,4,"um, can i have it tmrrw? √¢‚Ç¨≈ì@engadget: Would you buy a self-driving car powered by @Google?"" http://t.co/Dk0YZSeaXK http://t.co/2pkm4y61z6√¢‚Ç¨¬ù"
80,4,@seanjs I'd like to own a completely redesigned self-driving car with (among other things) the front seats reversed.
81,2,Going to see night at the museum 2 with tall boy
82,4,Prettiest insects EVER - Pink Katydids: http://bit.ly/2Upw2p
83,4,I've been sending e-mails like crazy today to my contacts...does anyone have a contact at Goodby SIlverstein...I'd love to speak to them
84,2,What's Buffet Doing? Warren Buffett Kicks Butt In Battle of the Boots: Posted By:Alex Crippe.. http://bit.ly/AUIzO
85,0,OMFG I'm never drinking again...I still have a fuckin sore throat 
86,4,√¢‚Ç¨≈ì@FacesPics: Google's new self-driving car http://t.co/qymxdTW1D9√¢‚Ç¨¬ù I watched something on this earlier HOLY CRAP
87,0,@united 1.75 hour delay.  Nothing says sorry like a voucher.  Missing time with family.  #family #precioustime
88,2,@ronjon we don't have Safeway.
89,0,@blackbarbie027 my entire college. They fucking lost my transcript now I can't attend in the Summer to catch up w/ my credits 
90,2,Is Eating and Watching Movies....
91,4,@poptopvw Cool arent they? I love them  Makes life so easy!
92,2, thanks bae
93,2, will you check the air pressure on  truck. I think his tires might need some air. #DeflateGate #GOBRONCOS #LSULSU
94,4,@united Thanks to supervisor Miriam who provided me with great customer service. #finally
95,4,I love my Kindle2. No more stacks of books to trip over on the way to the loo.
96,2,  I made a #DeflateGate Sad Einstein Brady for you: /Vh80XLd7az
97,4,@wmmarc great interview! Glad to see it 
98,2,Check this video out -- David After Dentist http://bit.ly/47aW2
99,4,"@united hey awesome!  Thanks for the reply, will be filling the form out! @AmericanAir"
100,4,"@DonnieWahlberg Yessirrr! Don't give anyone that much power, do what makes you happy...that's why I'll be seeing you in da summah!! "
101,0,@apple U need to get ur fucking shit together and let me txt while on YouTube
102,2,"RT Look, Available !Amazon Kindle2 &amp; Kindle DX, Get it Here: http://short.to/87ub The Top Electronic Book Reader Period, free 2 day ship ..."
103,2,How is an automated vehicle supposed to behave in an emergency? #AutoAuto
104,2,Time Warner Cable Pulls the Plug on 'The Girlfriend Experience' - (www.tinyurl.com/m595fk)
105,0,Leavin for shauns. fuck grandparents get around slow. text me or tweet me. @Ariannagrace321 you stopped textin me 
106,2,We already have self driving cars on the road. They're just waiting for the ok by the government for the software to be activated.
107,0,My son disowned me over a PS3.that bites.going 2 dr 2moro u know ya fucked when u hope that find somethin fatal  life blows
108,2,@ruby_gem My primary debit card is Visa Electron.
109,2,√¢‚Ç¨≈ì: Toyota to reveal self driving car research at CES /V9VMgILB√¢‚Ç¨¬ù
110,0,Time Warner cable is down again 3rd time since Memorial Day bummer!
111,0,"If Google's self-driving car is the future, I don't want to be a part of it. #savethemanuals"
112,0,@Lucasbamf I'm so close to buying a new car.I had a near death experience in the car today with the train and fucked up ALL my wheel grip 
113,0,looks like summize has gone down. too many tweets from WWDC perhaps?
114,4,"@pjaficionado  Having fun, loving life, happy to be in the game. Everything else is a bonus. Not just BS either!"
115,2,New post on my blog: Got new cases. :)    #slc #citycreek #apple #applestore #red #pr... /S4XRRXR8uq
116,0,Gawd! My laptop is fucked up now! System Error?! Just using my Lil brother's laptop. 
117,4,@united thankful for great service in Newark. Seats fixed and I was seated with my daughter! Fab landing in Fort Myers!
118,2,"I'm going to bed. It was a successful weekend. Stanford, here I come."
119,0,"@petewentz @petewentz fuck  I wish I was in Houston. Shawn Connery, Peirce bronson, timothy dalton, roger Moore. And that's all I know"
120,0,Time warner is the devil. Worst possible time for the Internet to go out.
121,4,Watchin Espn..Jus seen this new Nike Commerical with a Puppet Lebron..sh*t was hilarious...LMAO!!!
122,4,city all day soo happy to be home. school in the morning 
123,0,again with the fucked sleep... ive decided to go do homework instead 
124,0,@foxnews Pelosi should stay in China and never come back.
125,4,Obama is quite a good comedian! check out his dinner speech on CNN :) very funny jokes.
126,4,top ten most watched on Viral-Video Chart.  Love the nike #mostvaluablepuppets campaign from Wieden &amp; Kennedy http://bit.ly/nR1n9
127,0,@springsingfiend @dvyers @sethdaggett @jlshack AT&amp;T dropped the ball and isn't supporting crap with the new iPhone 3.0... FAIL #att SUCKS!!!
128,0,Time Warner's HD line up is crap.
129,2, and The from  Team to Offer In-#Flight Access to Journal ... - Nassau News Live /7E5bxwG16t
130,4,so sleepy. good times tonight though 
131,2,Great post by  on how public investors should think about investing in a world with self driving cars /FphlmnKtp7
132,0,@united 3866 is at a stand still! No pilot or paperwork for fix over 25mins! Problem was fixed 30mins ago. Flight is as is delayed!
133,4,"@lhawthorn What a coincidence! I was just stalking your Twitter feed and the GSoC news. ;) I'm doing great, thanks. How about you? "
134,0,"Driverless car slams into AZ home inches from sleeping kids: According to a police report, a truck smashed into a... http://t.co/8ibfetj9dS"
135,4,"@sklososky Thanks so much!!! ...from one of your *very* happy Kindle2 winners ; ) I was so surprised, fabulous. Thank you! Best, Kathleen"
136,4,Callin it a night! I always have the best sleep after a good workout!! 
137,0,@Dommm did comcast fail again??
138,4,@warp I love that Aussie cattle dog story 
139,0,"i srsly hate the stupid twitter API timeout thing, soooo annoying!!!!! :("
140,4,"@KnightOwl89 Sounds good,  I wish i could have done it but I'm determined to find them in the park. They better be in there!"
141,4,"Self-driving cars hold 'great promise' for saving thousands of lives, says US government official http://t.co/adOyi8bF"
142,4,Gonna go see Bobby Flay 2moro at Shoreline. Eat and drink. Gonna be good.
143,4,@jonduenas @robynlyn just got us a 50D for the office. :D
144,4,@united can I just go ahead and live in your premium cabins? I'm in heaven now en route to LHR
145,2,Should really check the air pressure in my tires more often. They were as bad as a New England #Patriots football. #DeflateGate
146,0,Fuck no internet damn time warner!
147,2,Beginning JavaScript and CSS Development with jQuery #javascript #css #jquery http://bit.ly/TO3e5
148,2,States take the wheel on #driverless cars /R6kp8ZKOyq via  #fb
149,0,"So google has a driver-less car? They can take the steering wheel away from my cold, dead hands before i buy one."
150,2, sent
151,4,"I have a google addiction. Thank you for pointing that out, @annamartin123. Hahaha."
152,4,"...so i just ordered my copy of Hardcore Underground 3  love me, love me! Canary in skinny jeans going balls deep."
153,4,using Linux and loving it - so much nicer than windows... Looking forward to using the wysiwyg latex editor!
154,0,Time Warner Cable slogan: Where calling it a day at 2pm Happens.
155,4,@united Fantastic job by your people today on ua22 from Dublin. A jam packed plane but the crew was wonderful!!
156,0,Asthma fucking BLOWS  Can't wait till I finish up Asmanex treatments. Follow up (and hopefully final) apt w/ pulmonologist is this week.
157,4,"According to the create a school, Notre Dame will have 7 receivers in NCAA 10 at 84 or higher rating :) *sweet*"
158,0,"is jammin to ATL, since they had a secret show in HTown and i fucking missed it.  FML."
159,2," when I click that link it wants my flight info. I haven't booked a flight yet. I read you waive fees for military, it this true?"
160,4,Watching Lebron highlights. Damn that niggas good
161,4,@ atebits I just finished watching your Stanford iPhone Class session. I really appreciate it. You Rock!
162,0,@broskiii OH SNAP YOU WORK AT AT&amp;T DON'T YOU
163,0,omg so bored &amp; my tattoooos are so itchy!!  help! aha =)
164,0,Driverless cars are not worth the risk.  Don't want to be on the highway when the server crashes #SadMacFace #BlueScreenofDeath
165,4,"@khalid0456 No, Lebron is the best"
166,0,My Dell Laptop's battery is fucked up! 
167,4,@DonnieWahlberg My kids get up and wish you a good morning  They donÔøΩt know what time it is in america 
168,4,My Kindle2 came and I LOVE it! :)
169,0,Bloated as fuck. 1l choc milk will do that followed by 2 bagels with spinach and cheese. 
170,0,"As a die hard @Apple customer, I must say I am truly displeased with the customer service I was given today. #badservice #Apple"
171,0,@petewentz @trohman @fuckcity omg i'm so so sorry guys  that's really sad. I hope you're safe now.
172,4,"@united thanks for the re-upgrade to 1st class. It may be a 45 min flight, but it is appreciated."
173,4,@united and they were traveling as guests of a mileage plus member using that members miles. Great customer service.
174,2,The baby from American Sniper was also under-inflated #DeflateGate
175,0,"What is this I am hearing about driverless cars coming out? Da fuck? Are people that lazy, that just seems dangerous as all hell."
176,4,"The #Kindle2 seems the best eReader, but will it work in the UK and where can I get one?"
177,2,eating sashimi
178,4,"Automotive technology: Driver-less cars will reduce accidents, ease congestion."
179,0,@JessicaRayburn I accidentally stepped on my Power Strip off button and now my internets are fucked up DAMMIT 
180,4,@Pmillzz lebron IS THE BOSS
181,2,Lawson to head Newedge Hong Kong http://bit.ly/xLQSD #business #china
182,4,Just bought my tickets for the 2010 FIFA World Cup in South Africa. Its going to be a great summer. http://bit.ly/9GEZI
183,0,What the fuck is the point of a driverless car
184,2,need suggestions for a good IR filter for my canon 40D ... got some? pls DM
185,2, I sent the message. Let me know ASAP.
186,2,"Hi there, does anyone have a great source for advice on viral marketing?... http://link.gs/YtZ8"
187,4,Reading my kindle2...  Love it... Lee childs is good read.
188,4,"@Orli the G2 is amazing btw, a HUGE improvement over the G1"
189,4,crazy day of school. there for 10 hours straiiight. about to watch the hills. @spencerpratt told me too! ha. happy birthday JB! 
190,4,"reading Michael Palin book, The Python Years...great book. I also recommend Warren Buffet &amp; Nelson Mandela's bio"
191,2,The perks of driving around in the Bay area. A Google Self-Driving Car might show up next to you /iIkJNaZte7
192,4,Video of the first user of @Google 's self driving car (lost 95% of his vision - well past legally blind) http://t.co/wk6qeQIF #amazing
193,4,@heidimontag I think that it's going to be a good season 
194,4,just got back from the movies.  went to see the new night at the museum with rachel.  it was good
195,0,I've been in the car for 12 hours  No fucking joke we went to santa cruz for 30 mins then had to go. Hella ghey.
196,2,at safeway with dad
197,4,"RT @blknprecious1: RT GREAT @dbroos ""Someone's sitting in the shade today because someone planted a tree a long time ago.""- Warren Buffet"
198,0,cant sleep... my tooth is aching.
199,4,Stanford University?s Facebook Profile is One of the Most Popular Official University Pages - http://tinyurl.com/p5b3fl
200,0,Having the old Coca-Cola guy on the GM board is stupid has heck! #tcot #ala
201,2,Jake's going to safeway!
202,4,@JonathanRKnight Glad to hear that you had such a great night! You rock &amp; I hope tonight is just the 1st of many feel good shows for you! 
203,0,"Driverless cars, medical chips, scan and buy through your phone. I need to get the fuck out of this country."
204,0,100% against  driverless car. #cbs
205,4,happy to spend time with the family. 
206,4,@united sorry to hear outsourcing plan. Boise is best staff/cust service in the country. #boise
207,0,@littleben2009 no way would I put my trust in a driverless car. That's were they would lose people.
208,0,WTF MY BATTERY WAS 31% ONE SECOND AGO AND NOW IS 29% WTF IS THIS @apple
209,4,We went to Stanford University today. Got a tour. Made me want to go back to college. It's also decided all of our kids will go there.
210,4,@ronashively Connections Academy has been great for our family...and thousands more across the country!  Happy to tell you more 
211,2,"NFL plz focus as intently on id-ing ""Who Let The Air Out"" of Patriots balls as in forcing SeaHawks #MarshawnLynch to talk.
#DeflateGate"
212,2,Send us your GM/Chevy photos http://tinyurl.com/luzkpq
213,0,Damn you North Korea. http://bit.ly/KtMeQ
214,4,saw the new Night at the Museum and i loved it. Next is to go see UP in 3D
215,2,10 tips for healthy eating ? ResultsBy Fitness Blog :: Fitness ... http://bit.ly/62gFn
216,4,"LOVING my new Kindle2.  Named her Kendra in case u were wondering. The ""cookbook"" is THE tool cuz it tells u all the tricks!  Best gift EVR!"
217,4,Lyx is cool.
218,4,"@psychemedia I really liked @kswedberg's ""Learning jQuery"" book. http://bit.ly/pg0lT is worth a look too"
219,0,Cox or Time Warner?  Cox is cheaper and gets a B on dslreports.  TW is more expensive and gets a C.
220,2,"Here's A case study on how to use viral marketing to add over 10,000 people to your list http://snipr.com/i50oz"
221,0,Since when did @apple stop replacing iPhone units due to defect? Just because I have some scratches on my phone doesn't mean I dropped it.
222,2,"""I deflate all the balls."" -   #DeflateGate"
223,0,heyya im so borde my sound card is fucked so i cant listen to music  btw by that i mean mcr  lol
224,0,"wth..i have never seen a line this loooong at time warner before, ugh."
225,4,Google is developing a self driving car. That's fucking awesome.
226,0,i am furious with time warner and their phone promotions!
227,2,Ethics and nonprofits - http://bit.ly/qsXRp  #stanford #socialentrepreneurship
228,2,Google came out with a self driving car √∞≈∏Àú¬±√∞≈∏Àú¬±
229,0,@kyleconnecticut no fucking way. 
230,0,Oh my fucking god my stomach is growling 
231,4,@googleio http://twitpic.com/62shi - Yay! Happy place! Place place!  I love Google!
232,4,"I mean, I'm down with Notre Dame if I have to.  It's a good school, I'd be closer to Dan, I'd enjoy it."
233,0,Just got mcdonalds goddam those eggs make me sick. O yeah Laker up date go lakers. Not much of an update? Well it's true so suck it
234,4,@uscsports21 LeBron is a monsta and he is only 24. SMH The world ain't ready.
235,0,I have to go to Booz Allen Hamilton for a 2hr meeting :(  But then i get to go home :)
236,4,"@levimorales glad you liked! That Henry Ford had a good idea every now and then, didn't he? "
237,4,@FastCoDesign I am so excited for this! Come on self-driving cars.
238,2,Bout to hit safeway I gotta eat
239,4,"@JonathanRKnight Hey Jon we all love ya and understand,that's all it counts  "
240,2,Taking Katie to see Night at the Museum.  (she picked it)
241,0,"just got back from church, and I totally hate insects."
242,0,Son has me looking at cars online.  I hate car shopping.  Would rather go to the dentist!  Anyone with a good car at a good price to sell?
243,0,"At safeway on elkhorn, they move like they're dead!"
244,0,@ Safeway. Place is a nightmare right now. Bumming.
245,0,Found NOTHING at Nike Factory :/ Off to Banana Republic Outlet! http://myloc.me/2zic
246,4,Off to the NIKE factory!!!
247,2,45 Pros You Should Be Following on Twitter - http://is.gd/sMbZ
248,0,"Higher physics exam tommorow, not lookin forward to it much :("
249,0,fucking ugh 
250,0,@morind45 Because the twitter api is slow and most client's aren't good.
251,2,Twitter Stock buzz: $AAPL $ES_F $SPY $SPX $PALM  (updated: 12:00 PM)
252,4,Obama More Popular Than U.S. Among Arabs: Survey: President Barack Obama's popularity in leading Arab countries .. http://tinyurl.com/prlvqu
253,4,Just picked up my new Canon 50D...it's beautiful!!  Prepare for some seriously awesome photography!
254,0,@united space. Doctors' notes and everything. And on my first trip they lost my first suitcase. Among other issues- not pleased with #united
255,4,@united is officially my favorite airline. They have created magic for me all day!!! #friendlyskies #careyon
256,4,Self-Driving Car Test: Steve Mahan this is amazing. #Google http://t.co/DtYD3PF9ZG
257,4,@united Got me home amid snow &amp; Cancelled Flightlations; delivered bag w/o hassle; plus no wait on phone &amp; an upgrade. Thank you!
258,0,"@sekseemess no. I'm not itchy for now. Maybe later, lol."
259,2,"Nike SB Blazer High ""ACG"" Custom - Brad Douglas - http://timesurl.at/45a448"
260,4,So cool! RT @wired: Score! California becomes second state (after Nevada) to legalize driverless cars: http://t.co/CC69aU9b
261,4,"Saw the Google Car again. Asked if I could drive. The driver showed me how the car can ""see"". Awesome√¢‚Ç¨¬¶ http://t.co/HTuaMykMsy"
262,0,I'm not high anymore and some stinky guy with a mail order bride is pissing me the fuck off.. 
263,2,Saved money by opting for grocery store trip and stocking food in hotel room fridge vs. eating out every night while out of town.
264,4,Obama's speech was pretty awesome last night! http://bit.ly/IMXUM
265,0,I was talking to this guy last night and he was telling me that he is a die hard Spurs fan.  He also told me that he hates LeBron James.
266,4,@noarmsjames my lovely man is cooking me dinner and then we're going for a walk 
267,4,Could go for a lot of McDonalds. i mean A LOT.
268,4,"Warren Buffet became (for a time) the richest man in the United States, not by working but investing in 1 Big idea which lead to the fortune"
269,4,just got a free G2 android at google i/o!!!
270,4,"#lebron best athlete of our generation, if not all time (basketball related) I don't want to get into inter-sport debates about   __1/2"
271,2,going to see the new night at the museum  movie with my family oh boy a three year old in the movies fuin
272,0,"ten years ago today I was running around in shorts and a tee shirt in nice weather. 2009, it's fucking snowing and freezing cold "
273,4,LAKERS tonight let's go!!!!
274,4,Another good day  nitey nite everyone! First day of school tomorrow!!! Ahh I'm kinda nervous yet excited...til tomorrow!
275,2,Cardinals baseball advance to Super Regionals. Face CS-Fullerton Friday.
276,0,"@sportsguy33 Ummm, having some Time Warner problems?"
277,2,: This was pretty funny thanks Dad #DeflateGate #GoPats /ppQC7hQ0UT
278,2,ok.. do nothing.. just thinking about 40D
279,0,Why is it that someday you look nearly good and the next day you look totally fucked up? Today is the next day 
280,2,"Oh, look. It's acutally one of the Google self driving cars on the freeway.   880 North /ExLJcptl"
281,4,http://is.gd/ArUJ Good video from Google on using search options.
282,0,and I broke a fucking nail. 
283,4,@united -today the staff @ MSP took customer service to a new level. My father passed away last night &amp; you helped me get home today! Thanks
284,4,@YarnThing you will not regret going to see Star Trek. It was AWESOME!
285,2,How do you use the twitter API?... http://bit.ly/4VBhH
286,0,Eminem We Made You is GAWBAGE[/Rosci] !  Imma cop Asher Roth's album instead fuck em on his &quot;ass like that &quot; flow
287,2,", flights 1970, 1366, and 1552 will fly over after 1 am on your way into  - mind taking ocean approach so we can sleep?"
288,4,lebron and zydrunas are such an awesome duo
289,4,Total believe it @mashable: Google's Driverless Car Is Now Safer Than the Average Driver - http://t.co/gF125DA3
290,4,is scrapbooking with Nic =D
291,4,@matthewcyan I finally got around to using jquery to make my bio collapse. Yay for slide animations.
292,0,OMG - time warner f'ed up my internet install - instead of today  its now NEXT saturday - another week w/o internet! &amp;$*ehfa^V9fhg[*# fml.
293,4,@united you guys have such big hearts.. keep up the good work
294,2,"Eating dinner. Meat, chips, and risotto."
295,0,i have fucking shin splints!!!! im in pain.....DRUGS PLEASE......i never realised they could be so painful 
296,4,The Times of India: The wonder that is India's election. http://bit.ly/p7u1H
297,0,iOS 8.1 has fucked my battery life on my iPhone 6. Really starting to wonder if @apple has any quality control anymore. Wish I was on 8.01
298,2,"Saw the  car just outside of Barnwell, #Alberta in #Taber √∞≈∏Àú‚Ç¨ half hour east of #Lethbridge"
299,0,US planning to resume the military tribunals at Guantanamo Bay... only this time those on trial will be AIG execs and Chrysler debt holders
300,4,@united thank you! üòä
301,0,@united is there a United gold number? I've been on hold 24 minutes and think I may be lost in nowhereland. Have a gold reservation. Help.
302,2, add DTW and I'm sold!
303,2,@mattcutts have google profiles stopped showing up in searches? cant see them anymore
304,0,Arg. Twitter API is making me crazy.
305,2,Ask Programming: LaTeX or InDesign?: submitted by calcio1 [link] [1 comment] http://tinyurl.com/myfmf7
306,4,@BlondeBroad it's definitely under warranty &amp; my experience is the amazon support for kindle is great! had to contact them about my kindle2
307,0,insects have infected my spinach plant :(
308,0,ShaunWoo hate'n on AiG
309,4,These self driving cars are fucking amazing
310,0,itchy back!! dont ya hate it!
311,4,#GoogleIO | O3D - Bringing 3d graphics to the browser. Very nice tbh. Funfun.
312,4,@bluestreak23 @jasonandjodie Coming soon enough my friends - Big project in works for just that - Good new and only good news 
313,4,RT @mashable: Five Things Wolfram Alpha Does Better (And Vastly Different) Than Google - http://bit.ly/6nSnR
314,0,stupid autonomous car  if you can drive yourself you should be able to write a damn research paper on yourself too
315,2,I keep seeing a lot of people talk about seeing the Google maps car and I'm just like oh I've seen the Google self-driving car so √∞≈∏‚Äô¬Å√∞≈∏≈°Àú
316,4,@united thanks for not getting my BusinessFirst priority tagged bag onto my connecting flight at EWR despite a 2+ hour layover. Nice job
317,4,unbelievably excited about the google self-driving car
318,0,"I just realized we three monkeys in the white Obama.Biden,Pelosi . Sarah Palin 2012"
319,4,@cwong08 I have a Kindle2 (&amp; Sony PRS-500). Like it! Physical device feels good. Font is nice. Pg turns are snappy enuf. UI a little klunky.
320,4,@robmalon Playing with Twitter API sounds fun.  May need to take a class or find a new friend who like to generate results with API code.
321,4,"@united cool, thanks."
322,2,Weird Piano Guitar House in China! http://u2s.me/72i8
323,4,I highly recommend Malcolm Gladwell's 'The Tipping Point.' My next audiobook will probably be one of his as well.
324,2,@stevemoakler i had a dentist appt this morning and had the same conversation!
325,4,I want that google car that drives itself
326,0,I got new pillows and They fucking pwn all pillows everywhere else. My only regret is that I cant use them for very long tonight. 
327,4,"well in that case, you know what i mean, hahaha i love a good...whatever role you decide to take on. "
328,2, What confirmation number?
329,0,Boarding plane for San Francisco in 1 hour; 6 hr flight. Blech.
330,4,"@JonathanRKnight hmm you have a lot to say tonight! That's great!  Of course, here I am up late reading it. haha"
331,2,Bill Simmons in conversation with Malcolm Gladwell http://bit.ly/j9o50
332,4,@united @parryaftab done thnx
333,2,"I think I may have a new favorite restaurant. On our way to see ""Night at the Museum 2""."
334,4,@jenniferdaniel: As someone who never learned how to drive I welcome our google car overlords.
335,0,@Iheartseverus we love you too and don't want you to die!!!!!!  Latex = the devil
336,4,"I can't wait, going to see star trek tonight!!"
337,0,Driverless Cars: Now Street-Legal in California ... a good reason to leave CA... no one is behind the wheel http://t.co/1keEMOpH
338,0,Can we just go ahead and blow North Korea off the map already?
339,4,"After using LaTeX a lot, any other typeset mathematics just looks hideous."
340,0,"Today is a good day to dislike AT&amp;T. Vote out of office indeed, @danielpunkass"
341,4,"The great Indian tamasha truly will unfold from May 16, the result day for Indian General Election."
342,0,"7 hours. 7 hours of inkscape crashing, normally solid as a rock. 7 hours of LaTeX complaining at the slightest thing. I can't take any more."
343,0,Driver less cars? Fuck that I don't want machines ruling the world FTW
344,4,We just saw a self driving Google car!! So awesome!
345,0,fucking bored 
346,0,"Thanks for share. Driverless cars won't make us thinner, healthier, happier √¢‚Ç¨≈ì@transitfok: Driverless cars and sprawl http://t.co/q6OI1IfwLh√¢‚Ç¨¬ù"
347,0,is annoyed that we aren't trusted because they have no idea how many plans that fucks up 
348,0,Took the Graduate Field Exam for Computer Science today.  Nothing makes you feel like more of an idiot than lambda calculus.
349,4,@kenburbary You'll love your Kindle2. I've had mine for a few months and never looked back. The new big one is huge! No need for remorse! :)
350,4,@Jonathanrknight so good knight and sleep well.  I know I will now!! 
351,2,":   
If Starbucks shuts down, anon is decimated"
352,0,"I just fucked up my already fucked ankle because some moron thought it was a good idea to freak me out, and I slipped on ice at my door. "
353,2,Imagine a world where 's self driving car merges with  and ? #itscoming #codecon
354,0,@united I guess. But what is the excuse for understaffed costumer services? 3 people had to deal with lots of angry passengers. Weather too?
355,0,Sadie hates the google car. √∞≈∏Àú‚Äö
356,2,√¢‚Ç¨≈ì: Di Caro uses the last question to ask about driverless cars. #Mocotranspo√¢‚Ç¨¬ù wild card question.
357,0,"Dick Cheney's dishonest speech about torture, terror, and Obama. -Fred Kaplan Slate. http://is.gd/DiHg"
358,4,wow san diego is so beautiful. even more so now that we won  but whats a good game without a good fight(;
359,4,"@PDubyaD right!!! LOL we'll get there!! I have high expectations, Warren Buffet style."
360,4,"Riding in a driverless car is on my bucket list, this is so damn exciting. #Google http://t.co/dOuKZKacnU"
361,2,has a date with bobby flay and gut fieri from food network
362,4,"House Correspondents dinner was last night whoopi, barbara &amp; sherri went, Obama got a standing ovation"
363,0,Closing time at zeros boo  time to chug those beers fuckers
364,2,"Slight delay, something to do with the basketball... #DeflateGate?"
365,4,"@united Just did, thanks for checking! :)"
366,2,I'd like to hear what  thinks about Tom Brady's saggy balls #DeflateGate
367,0,@united 2nd flight in two weeks that you have lost my bag!  Taking my 1K status to @AmericanAir #neveragain #WORSTCUSTOMERSERVICE
368,4,@AttractMode Thanks for putting on such a great event. Can't wait for the inevitable sequels! 
369,0,"@ludajuice Lebron is a Beast, but I'm still cheering 4 the A..til the end."
370,4,omgg i ohhdee want mcdonalds damn i wonder if its open lol =]
371,4,@pdxcommute driverless cars will be 1000x cheaper than high-speed rail and better for everyone. HSR is a waste of money
372,4,I'm really loving the new search site Wolfram/Alpha. Makes Google seem so ... quaint. http://www72.wolframalpha.com/
373,2,eating breakfast and then school
374,0,Colin Powell rocked yesterday on CBS. Cheney needs to shut the hell up and go home.Powell is a man of Honor and served our country proudly
375,0,@united been on the phone for over an hour with customer service and they can't figure it out! awesome service... NOT!
376,4,@jktweet Hi! Just saw your Stanford talk and really liked your advice. Just saying Hi from Singapore (yes the videos do get around)
377,0,"I hate revision, it's so boring! I am totally unprepared for my exam tomorrow :( Things are not looking good..."
378,0,Man I kinda dislike Apple right now. Case in point: the iPhone 3GS. Wish there was a video recorder app. Please?? http://bit.ly/DZm1T
379,4,getting ready to test out some burger receipes this weekend. Bobby Flay has some great receipes to try. Thanks Bobby.
380,0,well imessage doesn't work thanks @apple
381,4,"Morning Tweetland, a long day ahead! Hope everyone has a great day  "
382,0,Google developing a driverless car??? da facckk?!
383,2,jquery Selectors http://codylindley.com/jqueryselectors/
384,0,Good morning at work  don't wanna be there fuckit another day another dollar!!!
385,0,"wait no, I didn't waste four years...it was more of putting my all into someone who doesn't give a fuck.. "
386,0,Recovering from surgery..wishing @julesrenner was here :(
387,2,Soooooooooo has everyone learned everything the EVAH wanted to know about FB players &amp; their balls? Have you? #DEFLATEGATE
388,2,RT @LATimesautos is now the time to buy a GM car? http://bit.ly/nRzlu
389,0,"Breaking: Microsoft Develops Self-Driving Car to Compete With Google, Death toll still rising as authorities struggle to contain destruction"
390,0,"My phone died at 8%, why would you let this happen @apple?"
391,2, How do I enter passport information on an existing reservation before check in?
392,0,time warner has the worse customer service ever. I will never use them again
393,0, ahhh I have no more tissues and I look like a blow fish from crying.....ahhh I'm stressed the fuck out
394,0,@united you suck.    9 hour delay?!
395,0,"@Karoli I firmly believe that Obama/Pelosi have ZERO desire to be civil.  It's a charade and a slogan, but they want to destroy conservatism"
396,0,": Gosh, I'm fucking emo. I wrote on status on facebook 4 her, mum turned off Tom &amp; Jerry (which me and Ruby was enjoying) For The Hills. "
397,4,@jenniferg07 it is all in good fun we know you don't want to kiss a girl. 
398,4,is studing math ;) tomorrow exam and dentist :)
399,0,"RT @sportsguy33: New Time Warner slogan: ""Time Warner, where we make you long for the days before cable."""
400,4,"@asherroth World Cup 2010 Access?? Damn, that's a good look!"
401,4,@colorofviolence yay  i'm happy for you guys....now hurry up and spit out the next one 
402,4,Goodby Silverstein agency new site! http://www.goodbysilverstein.com/ Great!
403,2,both candidates need Claritin. #StuffyNoseVoices
404,0,fuck omg  austins always there though man &lt;3 love you
405,0,@united switched to fly united from delta for the past two trips and was very disappointed. Now my UA4646 on 2/23 is delayed by 3 hours!!
406,2,playing with Java and the Twitter API
407,4,"By the way, I'm totally inspired by this freaky Nike commercial: http://snurl.com/icgj9"
408,4,I'd love a self-driving car :)
409,0,could it get any worse for kimi  try you fucker!
410,4,Google self driving car taking blind MSN to Taco Bell and dry cleaners...awesome! #vmworld Genius Machines http://t.co/NwaaP27B
411,4,"YES YES YES YES ""a future in which people simply order a self-driving car when they need one."" http://t.co/FMixpTKf0r"
412,0,"I FUCKING HATE PEOPLE ;_; Seriously, what fucking twat would try to pull someone out the car, threaten them and them fucking follow them? "
413,2,"Rocawear Heads to China, Building 300 Stores  - http://tinyurl.com/nofet3"
414,2,is in San Francisco at Bay to Breakers.
415,2,@kirstiealley Pet Dentist http://www.funnyville.com/fv/pictures/dogdentures.shtml
416,4,"@honey_honeybun Aw, thanks...let's hope so! I am more worried about Geoff's teeth! Hope you are having a good day, H or HB. "
417,0,"Google driver-less car is not viable , insurance companies would have no part of it."
418,0,Cheney and Bush are the real culprits - http://fwix.com/article/939496
419,0,is upset about the whole GM thing. life as i know it is so screwed up
420,2,http://xi.gs/04FO GM CEO: China will continue to be key partner
421,4,yeah guys i will totally bring dublin to the party. he would love the company. 
422,4,"@united awesome. Thx. And thx for replying so damn fast, sure as hell beats 80s cheeze hold music!!"
423,0,Oooooooh... North Korea is in troubleeeee! http://bit.ly/19epAH
424,2,Google Tested The Safety Of Its Self-Driving Cars By Swarming Them With Bikes /2dxztZTqSs
425,2,At GWT fireside chat @googleio
426,4,"well tweeps, im off, i gotta have a shower then go get a haircut. good bye everyone "
427,4,"@united 
I will admit, you've been rather good to me over the years.
You've still got me hooked.
(for now!)
Peace."
428,4,@dorkas426 i totally took the change of scenery. it was great. 
429,2, do you sell open tickets? I have a sick relative and may have to travel at a moments notice. Sad but true.
430,4,"@united we had a wonderful flight attendant named Leah that was with us from lga to den, then den to anchorage!"
431,0,i think my finger is fucked. 3 days later it still hurts. it hurts to hold a freaking cupcake 
432,4,@united Thanks for the timely service &amp; great staff getting my wife and me to and from Cancun this past week for our honeymoon.
433,4,@united I appreciate the follow up.
434,0,"@united  gate agent at EWR "" if you are disabled or in a wheel chair, it's time to board, please step"". STEP UP??? Lol"
435,2,Am I the only one who thought #DeflateGate was about a bad shipment of Viagra? :)
436,4,@berofx: good luck with your challenge 
437,2,Check this video out -- President Obama at the White House Correspondents' Dinner http://bit.ly/IMXUM
438,2,I spent most of my day reading a jQuery book. Now to start drinking some delirium tremens.
439,4,"@united @FlyANA_official pleasantly surprised to find ANA has made major upgrades on their transpacific route in flights, planes and service"
440,0,"@KarrisFoxy If you're being harassed by calls about your car warranty, changing your number won't fix that. They call every number. #d-bags"
441,0,fucken a man lol. tiring night at work. hope to get this job! for got bout the hills  dang nabbit lol.. 
442,0,@united  #UnitedAirlines  how long will1531 be delayed.
443,0,"confirmed: it's Time Warner's fault, not Facebook's, that fb is taking about 3 minutes to load. so tempted to switch to verizon =/"
444,0,"Give a man a fish, u feed him for the day. Teach him to fish, u feed him for life. Buy him GM, and u F**K him over for good."
445,2,": In honor of #DeflateGate, we are having a sale on things that are supposed to be flat! /1‚Ä¶"
446,0,@united u would not be able to rebook me to get home any sooner than a now 2hr delayed flight.  #linesforever #customerservice #fail #again
447,4,Today was so great.  My roommate and I played some soccer and I also got a nice run in on this sunny day  Time for some reading and sleep.
448,4,@united all good! Next flight was a little delayed so it all worked üëç
449,2,Google Wave Developer Sandbox Account Request http://bit.ly/2NYlc
450,4,"Only one exam left, and i am so happy for it :D"
451,4,@vkerkez dood I got a free google android phone at the I/O conference. The G2!
452,4,Just saw Sunshine Cleaning. I love Amy Adams 
453,0,ugh i need to renew the fucking restraining order.  help.
454,4,@tweeterdiva I only have one for now... I'd love to have a herd someday! 
455,4,Incredibly AWESOME. Can't wait. RT √¢‚Ç¨≈ì@MandaCessac: Google unveils its self-driving car http://t.co/9e862khJgS This is incredible.√¢‚Ç¨¬ù
456,2,I can't wait for the first time a  Car gets the guts of an  Drone on its windshield.
457,2,@anna_debenham what was the php jquery hack?
458,0,"It's a bank holiday, yet I'm only out of work now. Exam season sucks:("
459,4,@Croconaw goodnight 
460,2,Safeway offering mobile coupons http://bit.ly/ONH7w
461,4,"@JonathanRKnight : agreed. internet? random. but i like random. watched dirty dancing, great movie, i thought of your song..  nighty night"
462,0,@CharlesJMeyer @Apple @Appy_Geek Hasn't Apple been doing this for decades? This is why I don't support Apple. #apple #deletegame
463,0,bonjour San Francisco. My back hurts from last night..
464,4,@imagejennation @whitrt we found a great Chinese place to hang out at 
465,4,@richardebaker no. it is too big. I'm quite happy with the Kindle2.
466,4,@ArunBasilLal I love Google Translator too ! :D Good day mate !
467,0,RT @SmartChickPDX: Was just told that Nike layoffs started today :-(
468,2,  taking the air out of the membership costs?.. heh.. #DeflateGate #IcanDoItToo
469,4,"@RyanStar  Hey Ryan, just thought I'd say that u put on a great show in Radford Sunday night, &amp; I'm so glad I got to meet you! "
470,4,@united our flight attendant @superben was super helpful in finding a bag we left on a flight today. Excellent customer service. Name fits.
471,4,"RT @designplay Goodby, Silverstein's new site: http://www.goodbysilverstein.com/ I enjoy it. *nice find!*"
472,0,"@Zee It's good, but buggy like a motherfucker. "
473,0,Google car just drove by.... Hopefully they got me flipping them off!
474,0,@Pittstock $GM good riddance.  sad though.
475,4,@pmarca Couldn't agree more! Had my first ride in a self driving car today. It's amazing. Definitely the future.
476,2,: Didn't expect to be on the radio this morning discussing the #Coachella2015 lineup! Thx   #KWSS
477,0,Monday already. Iran may implode. Kitchen is a disaster. @annagoss seems happy. @sebulous had a nice weekend and @goldpanda is great. whoop.
478,4,@JonathanRKnight  i do embrace the simple life.  simple things like a new kids reunion makes me an extremely happy girl 
479,2,"Brand New Canon EOS 50D 15MP DSLR Camera Canon 17-85mm IS Lens ...: Web Technology Thread, Brand New Canon EOS 5.. http://u.mavrev.com/5a3t"
480,2,Obama: Nationalization of GM to be short-term   (AP) http://tinyurl.com/md347r
481,2,Driverless golf carts /CgRoUETWWc
482,2, Does  not take fraud as seriously?
483,0,@united Late Flight crew into #btv last nite delayed todays flt. Will miss connection to #cun. Why do I have to play for hotel tonight in #ewr?
484,2,"Safeway with Marvin, Janelle, and Auntie Lhu"
485,0,@smiIingbarakat @Apple YEAH APPLE UR SLACKIN
486,0,The safeway bathroom still smells like ass!
487,0,"Trouble in Iran, I see. Hmm. Iran. Iran so far away. #flockofseagullsweregeopoliticallycorrect"
488,4,watching Night at The Museum . Lmao
489,0,Pissed at Time Warner for causin me to have slow internet problems
490,0,Wat the heck is North Korea doing!!??!! They just conducted powerful nuclear tests! Follow the link: http://www.msnbc.msn.com/id/30921379
491,4,Star Trek was as good as everyone said!!
492,4,Guess I'll be retiring my G1 and start using my developer G2 woot #googleio
493,0,"RT @sportsguy33 The upside to Time Warner: unhelpful phone operators   superslow on-site service. Crap, that's not an upside."
494,0,"got paid fuck all and wants to kill the lostprophets. Peace out world, i'll see you in the next life "
495,0,@united no chance I wait in ORD all afternoon for another flight after you screwed me. Hold 5396
496,4,Highly recommend: http://tinyurl.com/HowDavidBeatsGoliath by Malcolm Gladwell
497,0,Gooood mooorning world. I had a dream last night I fucked my knee again  Def need to kick start my strengthening ready for Bournemouth 7s!
498,4,i love Dwight Howard's vitamin water commercial... now i wish he was with NIKE and not adidas. lol.
499,0,"#wolfram Alpha SUCKS! Even for researchers the information provided is less than you can get from #google or #wikipedia, totally useless!"
500,4,I need the self-driving car of Google √∞≈∏Àú¬©
501,4,"I like this guy : ' Barack Obama shows his funny side "" &gt;&gt; http://tr.im/l0gY !!"
502,4,@united holy high speed internet batman!  Speeds at United Club at IAD are insanely fast!  Thanks
503,0,"They're on about driverless automated cars, why waste the money? Get a fucking taxi"
504,2,The way some people are glued to their phones we may already have driverless cars.
505,4,@united I was protected on that flight by gate agent Kerry at LAS. She also did an excellent job getting me to my destination today. Thanks!
506,4,oh oh found some clothes!!  And i love em xD
507,0,@owlmonkeys fuck you 
508,0,"dear nike, stop with the flywire. that shit is a waste of science. and ugly. love, @vincentx24x"
509,0,@d3signerd √¢‚Ç¨¬¶being systematically run over by driverless cars.
510,0,I still love my Kindle2 but reading The New York Times on it does not feel natural. I miss the Bloomingdale ads.
511,0,I am such a fucking failtastic IRL friend. 
512,0,I am in so much pain. My back is fucked up... I don't know what happen. It feels like something is out of place in my lower back.   
513,4,"I'm ready to drop the pretenses, I am forever in love with jQuery, and I want to marry it. Sorry ladies, this nerd is jquery.spokenFor.js"
514,0,It's unfortunate that after the Stimulus plan was put in place twice to help GM on the back of the American people has led to the inevitable
515,4,Love when Google does futuristic stuff like this. Also giving the self driving car a face is pretty genius: http://t.co/Bgj9i6rvn0
516,4,@united I am blown away by stellar #custserv !! Thank you &lt;3 http://t.co/JOrEScfb4x
517,0,"Driverless cars are terrible. How can anyone be a fan of them. I mean, c'mon!!!"
518,2,just started playing Major League Baseball 2K9. http://raptr.com/H3LLGWAR
519,4,@united Give Cyndi &amp; Troy each a gold star.
520,0,Last day of work before I go on holiday... argh... got fuck loads to do 
521,2,Uber to use Google's self-driving cars in the far-future /5pv6Dlj0L9
522,2,testing Twitter API
523,4,Nike rocks. I'm super grateful for what I've done with them :) &amp; the European Division of NIKE is BEYOND! @whitSTYLES @muchasmuertes
524,0,"Also, cars with drivers @transsafe: FBI warns driverless cars could be used as 'lethal weapons' @BerkeleyITS @tsrcits http://t.co/Qd9UrEImqq"
525,4,@wendy_bowser Thank you for the kind words!  I appreciate it.  Have a great night 
526,4,"@crlane I have the Kindle2. I've seen pictures of the DX, but haven't seen it in person. I love my Kindle - I'm on it everyday."
527,4,http://twurl.nl/epkr4b - awesome come back from @biz (via @fredwilson)
528,0,"There is an acceptable level of risk with all new technology, but the reality that people will die in autonomous car is hard to accept #sxsw"
529,2,Heading to a tech conference which will focus on transportation and driverless cars #AV #Innovation
530,4,@united thanks for all the help! Totally appreciate it and you made it super easy too
531,4,"I'm listening to ""P.Y.T"" by Danny Gokey &lt;3 &lt;3 &lt;3 Aww, he's so amazing. I &lt;3 him so much :)"
532,0,"On that note, I hate Word. I hate Pages. I hate LaTeX. There, I said it. I hate LaTeX. All you TEXN3RDS can come kill me now."
533,2,  Not blaming Jet Blue.  This wasn't weather. Can't have planes in the air and runways a mess. That's a disaster waiting to happen.
534,0,@united it won't help...been there done that.
535,0,"@united my UA3426 on 2/19 was also delayed by 2 hours, stretching my trip way past the midnight, extremely exhausting!"
536,4,saw night at the museum 2 last night.. pretty crazy movie.. but the cast was awesome so it was well worth it. Robin Williams forever!
537,4,i love lebron. http://bit.ly/PdHur
538,4,"@united be  ""Chicago's hometown airline"" care about your neighbors #SaveTheDiagonals #FlyQuiet #ORDNoise"
539,2,Man accosts Roger Federer during French Open http://ff.im/3HCPT
540,4,no watching The Night At The Museum. Getting Really Good
541,0,"@united is the worst. Worst reservation policies. Worst costumer service. Worst worst worst. Congrats, @Delta you're not that bad!"
542,4,@pfspleen I'm good! Had some very strange dreams last night but hey dreamin' means i'm sleepin'  How's you this morning?
543,0,#RantsAndRaves The worst thing about GM (concord / pleasant hill / martinez): is the fucking UAW. ..   http://buzzup.com/4ueb
544,2,On my way to see Star Trek @ The Esquire.
545,0,I hate the effing dentist.
546,0,pissed about at&amp;t's mid-contract upgrade price for the iPhone (it's $200 more) I'm not going to pay $499 for something I thought was $299
547,2,Gov. Brown gives green light to driverless cars in California - Chicago Tribune /Gx8K5faC
548,4,yankees won mets lost. its a good day.
549,4,Stanford Charity Fashion Show a top draw http://cli.gs/NeNuAH
550,2,Safeway Super-marketing via mobile coupons http://bit.ly/ONH7w
551,0,"""The Republican party is a bunch of anti-abortion zealots who couldn't draw flies to a dump."" -- Neal Boortz (just now, on the radio)"
552,0,this dentist's office is cold :/
553,4,Ahhh... back in a *real* text editing environment. I &lt;3 LaTeX.
554,0,"If you think people dislike Google Buses and Google Glasses, just wait till a Google Self Driving car causes children to die in a crash."
555,0,curses the Twitter API limit
556,4,@united received my bag. I appreciate taking care of the matter and following up!
557,4,"' Barack Obama shows his funny side "" &gt;&gt; http://tr.im/l0gY !! Great speech.."
558,0,VIRAL MARKETING FAIL. This Acia Pills brand oughta get shut down for hacking into people's messenger's.  i get 5-6 msgs in a day! Arrrgh!
559,4,"@universewx I've heard that here in Florida, self-driving cars are street-legal. I want one!"
560,2,"breakers. in San Francisco, CA http://loopt.us/4v88Bw.t"
561,0,Driverless cars?!! Wth!i honestly don't think that's a good idea..
562,4,zomg!!! I have a G2!!!!!!!
563,0,Listening to Obama... Friggin North Korea...
564,2,    wonder what their plans are for the Super Bowl? Deflated balls are trademark. #DeflateGate
565,4,I JUST SAW A SELF-DRIVING GOOGLE CAR HOW AWSOMMEE!!
566,2,"Self-driving cars could be a decade away: A number of carmakers, with Nissan being the latest, claim that they... /DwF33TJMuN"
567,4,just got back from starbucks.. tried the tea with lemonade very good  miss gg already. 1st one!
568,4,is going to sleep then on a bike ride:]
569,4,@united Elizabeth at Washington Dulles just hooked me up with a new connecting flight at my gate! I'm super pleased!
570,0,I'm itchy and miserable!
571,4,Googles self driving cars...soo cool #iwantone
572,0,@zampeachie @Farscale To answer both of you: I studied for FOUR hours before the exam and I'm pretty sure I still fucked it 
573,2,First to own 2600 digital languages is the NEW leader of the Internet. .  . . . #onlinegaming  .
574,0,The real AIG scandal / http://bit.ly/b82Px
575,0,"I just got up, I'm ill as fuck. I need more sleep and everything. Uchh "
576,4,@shannyoday I will take you on a date to see night at the museum 2 whenever you want...it looks soooooo good
577,2,New blog post: Nike Trainer 1 http://bit.ly/394bp
578,0,at work fixing some code that just had to broke on the saturday evening... man... who the fuck invented comuters in the first place??? 
579,2,New blog post: Nike SB Dunk Low Premium 'White Gum' http://tr.im/lOtT
580,4,Self driving cars would be amazing. DDs would be a thing of the past#hurryupscience
581,0,Too fucking early. Super crabby. Want to be back in bed with my pup. Wish I was staying home tonight and being in my own bed. 
582,4,Class... The 50d is supposed to come today :)
583,0,Driverless cars. DUMBEST F..ING Idea I have ever heard of.
584,0,started to think that Citi is in really deep s&amp;^t. Are they gonna survive the turmoil or are they gonna be the next AIG?
585,4,@united thank you! Love united!! Have 4 flights today!
586,4,"@phyreman9 Google is always a good place to look. Should've mentioned I worked on the Mustang w/ my Dad, @KimbleT."
587,2,still hungry after eating....
588,4,downloading apps for my iphone! So much fun :-) There literally is an app for just about anything.
589,4,Just applied at Safeway!(: Yeeeee!
590,0,@cnni Driverless truck?! Perfect 'car (((Bomb))). I'll take 2 4 AIPC rats nest in Hymie town &amp; DC.
591,4,"since posting the 2 new photos on my website with the kids my hit count went up...way, way, way up. love to china for 5,000 views alone. "
592,2, I would love to Fort Lauderdale now that would cool.
593,0,"Back from seeing 'Star Trek' and 'Night at the Museum.' 'Star Trek' was amazing, but 'Night at the Museum' was; eh."
594,4,@mikefish  Fair enough. But i have the Kindle2 and I think it's perfect  :)
595,0,"@Apple, For the love of GAWD, CENTER the '1'on the damn calendar app. You fixed it once, its back, off center, AGAIN! http://t.co/dMyAHEm1Lc"
596,4,A friend feels like a beer on a Monday night. That's never good. But beer is always good. Always. 
597,0,fucking roadworks out the front of our house 
598,4,@BradmanTV Thanks....it seemed the right moment. I love your show.  Your songs bring me joy.
599,0,@kirstiealley I hate going to the dentist.. !!!
600,0,@ambcharlesfield lol. Ah my skin is itchy :( damn lawnmowing.
601,4,@JonathanRKnight wake up with ah Jon tweet. The Best start for my day  thx Jon love You
602,2, Obama's balls are deflated too and America doesn't believe him. #DeflateGate
603,4,"@mmcallen Sigh, wish I could have a GMIC meeting here in San Diego! Spoke to Johanna already, she said it was great... "
604,4,@united @jsumiyasu I am thankful to the  United ground staff who put me in the last seat on the last flight out. Home Late Flight is still home!
605,4,Watching Night at the Museum - giggling.
606,4,just changed my default pic to a Nike basketball cause bball is awesome!!!!!
607,0,Just got barraged by a horde of insects hungry for my kitchen light. So scary.
608,4,"HTML 5 Demos! Lots of great stuff to come! Yes, I'm excited. :) http://htmlfive.appspot.com #io2009 #googleio"
609,4,@ work til 6pm... lets go lakers!!!
610,0,Just blocked United Blood Services using Google Voice. They call more than those Car Warranty guys.
611,4,Self-driving cars? Sounds good to me!  --- Headline @USATODAY: California okays driverless cars http://t.co/v9jFiX1z
612,2, Maybe put a few of those dance steps to use after today's Belichick conference... #DeflateGate #Patriots #PatriotsNation
613,2,"#jobs #sittercity Help with taking care of sick child (East Palo Alto, CA) http://tinyurl.com/qwrr2m"
614,4,"@craigsutton     that's a long-time, good for you!   "
615,4,Night At The Museum 2? Pretty furkin good.
616,0,LEbron james got in a car accident i guess..just heard it on evening news...wow i cant believe it..will he be ok ? http://twtad.com/69750
617,4,@EricBttn Yeah right!! Just hang out with the cast and accidentally have ALEX fall in love with you too right??? 
618,4,"Reading  ""Bill Clinton Fail - Obama Win?"" http://tinyurl.com/pcyxj7"
619,2,"Time Warner CEO hints at online fees for magazines      (AP) - Read from Mountain View,United States. Views 16209 http://bit.ly/UdFCH"
620,0,Damn my fucking Brain... searching for an Slab Serif Type called Lubilin or something similiar 
621,4,In montreal for a long weekend of R&amp;R. Much needed.
622,4,@united it's amazing really.
623,0,omg its getting so fucking hot out 
624,0,Fuck this economy. I hate aig and their non loan given asses.
625,0,is Twitter's connections API broken? Some tweets didn't make it to Twitter...
626,4,My dentist appt today was actually quite enjoyable.
627,2,  Yung adopted child namin has just been bitten by a wasp. I gave him Claritin.
628,2,√¢‚Ç¨≈ì: Google plans to build self-driving car with no steering wheel /aRzeKjjr4Q√¢‚Ç¨¬ù
629,0,DEAR APPLE THIS IS THE WORSE SERVICE EVER @apple http://t.co/JHPs71DF0W
630,4,"just had a real good moment. i missssssssss him so much, "
631,0,"love u dane cook, u funny fuck!    party time for my lil sister well not so little anymore now 14!  how sad they grow up so fast"
632,0,"I Will NEVER Buy a Government Motors Vehicle: Until just recently, I drove GM cars. Since 1988, when I bought a .. http://tinyurl.com/lulsw8"
633,4,SHOUT OUTS TO ALL EAST PALO ALTO FOR BEING IN THE BUILDIN KARIZMAKAZE 50CAL GTA! ALSO THANKS TO PROFITS OF DOOM UNIVERSAL HEMPZ CRACKA......
634,0,F*ck Time Warner Cable!!! You f*cking suck balls!!! I have a $700 HD tv &amp; my damn HD channels hardly ever come in. Bullshit!!
635,0,@united Do we know why UA5282 is delayed x2)? This is getting crazy. I've already had 2 overnight delays. #UnitedAirlines
636,0,Math review. Im going to fail the exam.
637,2,"Loratadine (main ingredient in Claritin) is SO much cheaper at Target, it kinda makes me wonder if they do something to it..."
638,4,is it me or is this the best the playoffs have been in years oh yea lebron and melo in the finals
639,0,@MushyV Ahhhhh that Hoff programme sounded CLASSS!!!! I fuckin missed it  hopes there's a repeat innit
640,4,"@aiduong Oh goodness, I didn't know you could message friends on here! Hello Ai "
641,0,Rt @LilTanLines I know I'm Special... hahaha But the fucking Special Olympics won't let me compete in their events. 
642,0,"GM files Bankruptcy, not a good sign..."
643,0,annoying new trend on the internets:  people picking apart michael lewis and malcolm gladwell.  nobody wants to read that.
644,0,"@united Now arriving a day and a half Late Flightr than supposed to. Lesson of the day, don't believe verbal or written confirmations from United"
645,4,Will the Lakers kick the Nuggets ass tonight?
646,2,": Wonder if there‚Äôll b investigation 2 determine how over inflated , ,  heads are after this? ‚Ä¶"
647,0,fucking myspace!! Let me check my new comments nowwwwwww 
648,0,@ims What is AT&amp;T fucking up?
649,4,RT @shrop: Awesome JQuery reference book for Coda! http://www.macpeeps.com/coda/ #webdesign
650,0,@united Why isn't the flight status updated to delayed UA1532 no board
651,0,"@united, last week shanghai to sfo 858 delay 5hrs bc of engine. today sfo-sea delay to ""sick pilot"". no compensation. They Do. Not. Care."
652,2,"Getting ready to go watch Night at the Museum 2.  Dum dum, you give me gum gum!"
653,0,"glad i didnt do Bay to Breakers today, it's 1000 freaking degrees in San Francisco wtf"
654,4,i loved night at the museum!!!
655,4,God sho love him some me  feeling really really blessed tonight++++++
656,0,"Ok, @apple. You win. I won't use your browser anymore since it keeps closing on me. Literally 8 times today. I counted."
657,0,"I just wrote and entire story, and it didn't save.   Motherfucker.   http://twitter.com/disintegration/statuses/1548632552"
658,0,#at&amp;t is complete fail.
659,4,"has discovered that she loves easter crafts, eggs, hot cross buns... feel like watching the prince of egypt to aid my easter meditations "
660,0,i hate comcast right now. everything is down cable internet &amp; phone....ughh what am i to do
661,2,Testing Twitter API. Remote Update
662,0,"oh hell no, i know enough about computers to not trust a driverless car"
663,4,Excited about seeing Bobby Flay and Guy Fieri tomorrow at the Great American Food &amp; Music Fest!
664,2,The google car√∞≈∏Àú‚Äö /tZ2KkGl4as
665,2,Dentist tomorrow. Have to brush well in the morning. Like I make my hair all nice before I get it cut. Why?
666,4,I couldn't be more excited about self-driving cars http://t.co/hpXkh7hX
667,4,Booz Allen Hamilton has a bad ass homegrown social collaboration platform. Way cool!  #ttiv
668,0,"I reaaly miss john mayer's twitters.  fuck rude people. Remove him if you don't like his tweets, bitchfucks."
669,4,just watched night at the museum 2! so stinkin cute!
670,4,@united You might be dealing with frustrated passenegers. hope you all have a great day :) thank you very much for an amazing airline :)
671,2,NCAA Baseball Super Regional - Rams Club http://bit.ly/Ro7nx
672,2,iPhone May Get Radio Tagging and Nike  : Recently-released iTunes version 8.2 suggests that VoiceOver functional.. http://tinyurl.com/oq5ctc
673,2,"@XPhile1908 I have three words for you: ""Safeway dot com"""
674,4,can't wait for the great american food and music festival at shoreline tomorrow.  mmm...katz pastrami and bobby flay. yes please.
675,0,Aren't they already? √¢‚Ç¨≈ì@Techmeme: FBI warns driverless cars could be used as 'lethal weapons' http://t.co/BZCGGulW6x http://t.co/sTLxMt1lLz√¢‚Ç¨¬ù
676,4,Learning about lambda calculus :)
677,2,   legit thought that was you in this pic!
678,4,"RT @PassionModel 'American Idol' fashion: Adam Lambert tones down, Danny Gokey cute ... http://cli.gs/7JWSHV"
679,0,ps just broke my fucking phone 
680,4,Uploading the greatest cartoon from the Newspaper ever - regarding Twitter. 
681,4,Riding around a @Google self-driving car! √¢‚Ç¨≈ì@always_believin: @Mazy where do u see yourself in 10 years? :) #AskMazy√¢‚Ç¨¬ù
682,2,My balls are perfect                              #DeflateGate #TomBrady #inflatethis
683,4,@united thanks! :)
684,4,With my best girl for a few more hours in San francisco. Mmmmmfamily is wonderful!
685,0,@apple last time I checked I thought I bought a iphone 6 not a slippery ass bar of soap disguised as one. I DIDNT DESERVE THIS
686,2,DevSnippets : jQuery Tools - Javascript UI Components for the Web... http://inblogs.org/go/hfuqt
687,0,Tell me again why we are giving more $$ to GM?? We should use that $ for all the programs that support the unemployed.
688,0,Nancy Pelosi gave the worst commencement speech I've ever heard. Yes I'm still bitter about this
689,4,Just saw a Google self-driving car in the wild! Woot! It was extremely well behaved. Me wants!
690,4,Went to see the Star Trek movie last night.  Very satisfying.
691,0,"As u may have noticed, not too happy about the GM situation, nor AIG, Lehman, et al"
692,2,GM says expects announcment on sale of Hummer soon - Reuters: WDSUGM says expects announcment on sale of Hummer .. http://bit.ly/4E1Fv
693,4,"I think I am more excited about the self driving car, than anything else since I joined @Google. It's just awesome!"
694,0,"Hates his pills, oh god why do they have to taste so fuckin horrible. 0,5 liter of coke to flush them down isnt even enough "
695,4,I seriously underestimated Malcolm Gladwell.  I want to meet this dude.
696,0,@StreetWearBear.  yes I am thanks for reaveling to the world bro fuck my life hahaha
697,0,"arhh, It's weka bug. = ="" and I spent almost two hours to find that out. crappy me"
698,2,myfoxdc Barrie Students Back from Trip to China: A Silver Spring high school's class trip to China has en.. http://tinyurl.com/nlhqba
699,0,Just got home from chick-fil-a with the boys. Damn my internets down =( stupid time warner
700,2,Launched! http://imgsearch.net  #imgsearch #ajax #jquery #webapp
701,4,@cthagod when Lebron is done in the NBA he will probably be greater than Kobe. Like u said Kobe is good but there alot of 'good' players.
702,4,RT @clashmore: http://bit.ly/SOYv7  Great article by Malcolm Gladwell.
703,2,#WearableDevices To #Consumers : You're Putting Me On - /2eSSgN5Wsv #IBDNews via   #aapl #nke #grmn #amba #invn
704,4,"@Gerry_Butler If it's something you will enjoy and will make you happy, why not do it? "
705,4,@JonathanRKnight A truly great place to eat is the Canteen in Ottumwa.  Loose meat hamburgers in a tiny cafe.  Everyone's friendly. 
706,4,"@United Bringing your ""A"" game with premium cabin dining. Nice! https://t.co/zgOQoxjBQY"
707,2,Amazon making self driving cars in 2017 to deliver packages? #drone
708,2,is eating  home made yema
709,4,Hello Twitter API ;)
710,2, A month ago I had a flight booked but then had to Cancelled Flight it... I'm now Flight Booking Problems a separate flight for a different occasion.
711,4,i lam so in love with Bobby Flay... he is my favorite. RT @terrysimpson: @bflay you need a place in Phoenix. We have great peppers here!
712,0,@WSJ The idiot who would ride in a driverless car! #tolazytodrive #hireadriver
713,0,Is fucked to go back to IC 
714,0,if freaking the fuck out! way to many assignments due!!! 
715,0,@google watched the video now that I'm home from work. WTF. I thought we were getting a driverless car not some Orwellian Big Brother shit.
716,4,Jquery is my new best friend.
717,4,Obama's got JOKES!! haha just got to watch a bit of his after dinner speech from last night... i'm in love with mr. president ;)
718,0,hey @apple fuck you
719,2,Portland city politics may undo baseball park http://tinyurl.com/lpjquj
720,0,omgoshhh hes not coming back till monday which means i won't see him till i come back thursday  fucken jerk! sighh i miss himmmm 
721,0,I know. How sad is that?  RT @caseymercier: 1st day of hurricane season. That's less scarey than govt taking over GM.
722,2,Dang! The iPhone 5's camera is blazing fast. Spotted a Google self driving car. /NC63Spw7
723,4,is lovin his Nike  already and that's only from running on the spot in his bedroom
724,2,Your Normal Weight (and How to Get There) ? Normal Eating Blog http://bit.ly/ZeT8O
725,0,"F*** up big, or go home - AIG"
726,0,@mischaarmada So today some girl walked into the Bean and i totally thought it was you and i yelled &quot;MIIIIISSSCCCHHHHHHH&quot; fucking LOUD 
727,0,ugh. the amount of times these stupid insects have bitten me. Grr..
728,0,I think my memory card is fucked  at least its not the one for my DSLR I guess
729,4,"@united She met me from customer service at the arrival of flight UA3787 PVD-IAD. Thanks, you guys have really handled this storm!"
730,4,AHH YES LOL IMA TELL MY HUBBY TO GO GET ME SUM MCDONALDS =]
731,0,@apple ur products are shit they break 24/7 ur ruining my life
732,2, So just like when Claritin went over the counter it isn't covered by any prescription drug plans anymore?
733,4,@united took this picture on Thursday. #awesome http://t.co/IVGpZSjtkW
734,4,@Lou911 Lebron is MURDERING shit.
735,4,Self driving cars powered by @Uber.  This google investment is awesome.
736,4,@rashmid congratulations!! tht makes a lot of us very very happy. 
737,0,Fighting with LaTex. Again...
738,2,Nike Air Yeezy Khaki/Pink Colorway Release - http://shar.es/bjfN
739,2,Found a safeway. Picking up a few staples.
740,0,"I would rather pay reasonable yearly taxes for ""free"" fast internet, than get gouged by Time Warner for a slow connection."
741,4,#Google Self-Driving Car on City Streets http://t.co/6f8qfwZbqg -- I cannot wait until this technology is available to consumers.
742,4,@KevinRuddPM: you're a dead set legend! Please make the broadbands super fast I will love you forever. 
743,2,dropped her broccoli walking home from safeway! ;( so depressed
744,0,@QuantTrader i own a GM car and it is junk as far as quality compared to a honda
745,0,Why I Hate Apple - http://t.co/IbpyJXaOuW #AAPL #Long-Term_Larry
746,2,"Only in Mountain View would you see a Prius with a large roof rack &amp; think, ""Look, a self-driving car!"""
747,2, - nice segment on the Google car.  Interesting how ideas like this could disrupt the Insurance Industry.     /571XAf3w5R
748,2, hey me and my family have questions on a trip to Disney world that we are doing in April . Please follow me so I could dm you guys
749,4,New nike muppet commercials are pretty cute. Why do we live together again?
750,2,:-/ : Google forced to add steering wheels to driverless car designs:  /m1PYOJ1V5S
751,4,@ryanchris I drive hundreds of miles a week. Bring on the driverless car. Can√¢‚Ç¨‚Ñ¢t wait to stop driving.
752,4,I just saw the google car!!! eekkk my life is complete!!!
753,0,@united How do I get reimbursed for hotel and taxis for the Cancelled Flightation?
754,2,Adobe CS4 commercial by Goodby Silverstein: http://bit.ly/1aikhF
755,4,I would like to go for a drive with these guys. Driverless cars will be the safest cars ever #cas13 http://t.co/q24oKdlp
756,0,sad day...bankrupt GM
757,0,"@sheridanmarfil - its not so much my obsession with cell phones, but the iphone!  i'm a slave to at&amp;t forever because of it. :)"
758,2,@johncmayer is Bobby Flay joining you?
759,2,"Google's vision, delivering packages with driverless cars / humanoid robots can happen. Amazon drone BS? No. LOL /t6Nlr70rKq"
760,0,Comcast sucks.
761,4,http://t.co/lsyL4Qfccw  Half of Americans want to live in a smart city with driverless cars
762,0,@McALiMeal  You are never going to be a &quot;fucked up little kid&quot;. If anyone dared say that to you i'd fucking punch them D: you're amazing.
763,4,i am working on my media room design and i love love love my client profile 
764,4,Wow everyone at the Google I/O conference got free G2's with a month of unlimited service
765,0,back from dentist  mouth is numb and it's all shitty.... fucking fillings 
766,0,@sportsguy33 Time Warner = epic fail
767,4,"@faithbabywear Ooooh, what model are you getting??? I have the 40D and LOVE LOVE LOVE LOVE it!"
768,0,"@defsounds WTF is the point of deleting tweets if they can still be found in summize and searches? Twitter, please fix that. Thanks and bye"
769,0,"I look at Google√¢‚Ç¨‚Ñ¢s driverless cars and I think, the perfect terrorist bombing weapon."
770,0,"I just wrote and entire story, and it didn't save.   Motherfucker.  "
771,0,im goin to kill alicia if she gave me her fucking sickness . ughhh wtf  
772,2,"all about Ajax,jquery ,css ,JavaScript and more... (many examples) http://ajaxian.com/"
773,4,@ddlovato Pollen and salt - daphne loves derby . = love. i love your little song tweets so i decided to send you on of my own 
774,0,"@xambix wow, welcome home eh  that's well shit, especially just coming back off holiday!!! Some fucking people!"
775,4,First ride in a Google self-driving car. Amaaaazing @ComputerHistory
776,4,@tonyhawk http://twitpic.com/5c7uj - AWESOME!!! Seeing the show Friday at the Shoreline Amphitheatre. Never seen NIN before. Can't wait. ...
777,0,The Google car must be stopped.
778,2,Heading to San Francisco
779,4,@mrskutcher it's only 1am here...i'm just on my way TO bed lol. weird. hope you have a good morning! 
780,0,"Driverless cars seem way overhyped given the infrastructure challenges, pilotless planes seem much more doable and needed."
781,2,How to Track Iran with Social Media: http://bit.ly/2BoqU
782,2,: Click on the link (or the picture) to see the #Coachella2015 Lineup  /swzBfN‚Ä¶
783,0,shud be sleeping but cant! im guna be so fucked and grumpy for this 6am flight!  but hey... im going on holiday so good times!
784,0,While we are on the rain subject I fuckin hate this rain! I need to do a soil test and can't with this damn weather! 
785,0,fuck a birthday 
786,0,"@united and most frustratingly, all this delay happened either at the gate, or even onboard the aircraft! No heads up in advance!!!"
787,0,Google's self-driving car still has many flaws http://t.co/qgqe2JoYMD via @sharethis @google #Autonomous  #Robots
788,4,"Can't wait for driverless cars to come out! This is the first time I'm excited about motor vehicles, in my entire life."
789,4,I am happy for Philip being at GoogleIO today
790,4,"@Vonster good point, 2 draw  2 don't  nice quote though. I like that."
791,4,When the first mass-produced self-driving car hits the market you can bet your ass I'm buying one.
792,0,Finally out of work. My back is a fucking wreck. 
793,0,MT Exactly! √¢‚Ç¨≈ì@OssyFont: #ScareTactic 1st child hit by driverless car? How about fewer children hit by drivers today? #RiseOfTheMachines√¢‚Ç¨¬ù
794,2,": With an actual #DeflateGate science debate swirling, the NFL is hiring the Columbia University physics department:
http://t‚Ä¶"
795,0,Time Warner Road Runner customer support here absolutely blows. I hate not having other high-speed net options. I'm ready to go nuclear.
796,4,"@SoChi2 I current use the Nikon D90 and love it, but not as much as the Canon 40D/50D. I chose the D90 for the  video feature. My mistake."
797,0,@barrier_trio i like to piss ppl off by comparing things like Google Car to robber barons throwing silver dollars from their office windows
798,0,"@sportsguy33 hey no offense but malcolm gladwell is a pretenious, annoying cunt and he brings you down. cant read his shit"
799,2,How to implement a news ticker with jQuery and ten lines of code http://bit.ly/CZnFJ
800,4,"good news, just had a call from the Visa office, saying everything is fine.....what a relief! I am sick of scams out there! Stealing!"
801,2,"I told  that I think I was getting sick and he goes ""I'll give you some of that Claritin D!"" #eww"
802,4,The Nike Training Club (beta) iPhone app looks very interesting.
803,0,"HATE safeway select green tea icecream! bought two cartons, what a waste of money.  &gt;_&lt;"
804,0,"Now I can see why Dave Winer screams about lack of Twitter API, its limitations and access throttles!"
805,4,JUST SAW A GOOGLE CAR FUCK YES  I LOVE THEM &lt;3 √∞≈∏‚Äò≈í√∞≈∏‚Äò≈í√∞≈∏‚Äò≈í√∞≈∏‚Äô‚Ä¢√∞≈∏‚Äô‚Ä¢√∞≈∏‚Äô‚Ä¢√∞≈∏‚Äô≈æ√∞≈∏‚Äô≈æ√∞≈∏‚Äô≈æ
806,4,Just had McDonalds for dinner. :D It was goooood. Big Mac Meal. ;)
807,2, #AAPL was a fantastic investment...but what will be its future?  How will AAPL beat AAPL?
808,0,argghhhh why won't  my jquery appear in safari bad safari !!!
809,2,'s CEO battles to appease passengers and Wall Street - Waterbury Republican American /IMVMpnQXAI
810,2,About to watch Night at the Museum with Ryan and Stacy
811,4,Judd Apatow creates fake sitcom on NBC.com to market his new movie... viral marketing at its best. http://is.gd/K0yK
812,0,"I just created my first LaTeX file from scratch. That didn't work out very well. (See @amandabittner , it's a great time waster)"
813,4,"juggernaut, dr. doom, magneto, &amp; xavier!  ahahah today was a good day n__n"
814,0,time warner really picks the worst time to not work. all i want to do is get to mtv.com so i can watch the hills. wtfffff.
815,4,"@mayhemstudios Yes, using it for 3 week now. Pretty happy with the result "
816,4,Tomorrow is my friday!  +it's a late day for me. Thank goodness. 
817,0,@united better just keep connection from ORD To FWA that boards in ten minutes open until I get off the plane that just landed an hour Late Flight
818,4,Malcolm Gladwell might be my new man crush
819,2,eating cake
820,0,"THE DENTIST LIED! "" U WON'T FEEL ANY DISCOMORT! PROB WON'T EVEN NEED PAIN PILLS"" MAN U TWIPPIN THIS SHIT HURT!! HOW MANY PILLS CAN I TAKE!!"
821,4,"@hassox no, but that sounds like a good idea, steve. "
822,2,"Conflict in auto tech race? Google, Detroit diverge on road map for self-driving cars: /v020sXRGps"
823,0,so the clown suits were a waste of money... but a good night anyway  except im fucking broke 
824,0,"Are YOU burning more cash $$$ than Chrysler and GM? Stop the financial tsunami. Where ""bailout"" means taking a handout!"
825,2,Going to see star trek soon with my dad.
826,2,Did not realize there is a gym above Safeway!
827,0,Safari 4 is fast :) Even on my shitty AT&amp;T tethering.
828,4,@dannygokey I love you DANNY GOKEY!! :)
829,4,"@united Flew ORD to Miami and back and  had great crew, service on both legs. THANKS"
830,2,Off to the bank to get my new visa platinum card
831,0,@siratomofbones we tried but Time Warner wasn't being nice so we recorded today. :)
832,2,"Phillies Driving in the Cadillac with the Top Down in Cali, Win 5-3 - http://tinyurl.com/nzcjqa"
833,0,Man im too fucked to be in work 
834,0,"@drgitlin yes, I just meant in the sense that people on it aren't driving. We don't need f'n driverless passenger cars."
835,2,RT @justindavey: RT @tweetmeme GM OnStar now instantly sends accident location coordinates to 911 | GPS Obsessed http://bit.ly/16szL1
836,4,"@beycah Good for you Becca, have a good sleep. "
837,2,"giving weka an app engine interface, using the bird strike data for the tests, the logo is a given."
838,0,"""Driver-less cars could be potentially lethal"" - news ticker.   Yeah I mean I would think so too..."
839,2,"@pambeeslyjenna Jenna, I went to see Night At The Museum 2 today and I was so surprised to see three cast members from The Office..."
840,0,Life?s a bitch? and so is Dick Cheney. #p2 #bipart #tlot #tcot #hhrs #GOP #DNC http://is.gd/DjyQ
841,2,√¢‚Ç¨≈ì: A self-driving car? Here's one you can (not) drive today: /SIHOcdE5mE 
842,0,Impatiently awaiting the arrival of the time warner guy. It's way too pretty to be inside all afternoon
843,0,"aww i fucken &lt;3 chuck liddell, tht shit was gay he was crying "
844,0,CAR WARS - Action/Sci-Fi - Drew Goddard - 'In the future driverless cars become sentient and turn on the human race'.  #blackoutlist2013
845,0,Played with an android google phone. The slide out screen scares me I would break that fucker so fast. Still prefer my iPhone.
846,0,yahoo answers can be a butt sometimes
847,0,@united. epic fail. @reagan. no jetway. been here 15 mins on tarmac!
848,4,"@united sweet, follow back and I'll get the dm off"
849,0,"Blah, blah, blah same old same old. No plans today, going back to sleep I guess."
850,0,Good. I still won't even do self check-out RT @techreview Driverless Cars Are Further Away Than You Think http://t.co/3bIsL2mK7s
851,4,I'd say some sports writers are idiots for saying Roger Federer is one of the best ever in Tennis.  Roger Federer is THE best ever in Tennis
852,4,"@united well, thanks for not charging me for switching my two Cancelled Flightled flights anyway. That was pretty nice. #stillmakingmepoorthough"
853,2,Any twitter to aprs apps yet?
854,4,@chictopia Let me know what you think- I have a long list of other great designers 
855,0,@jdreiss oh yes but if GM dies it will only be worth more boo hahaha
856,2,"Whatever happens, please DO NOT alter football valves to include those little electronic sensors like I have in my car tires! #DeflateGate"
857,0,"The more I hear about this GM thing the more angry I get. Billions wasted, more bullshit. All for something like 40k employees and all the.."
858,0,No signal in the academy  papa roach fuckin owned! Had to escape the pit before CMB moment lol
859,0,"@MMBarnhill yay, glad you got the phone! Still, damn you, AT&amp;T."
860,4,A fair goodnight sweet Twitters. Have pleasing dreams and a restful slumber. 
861,0,luke and i got stopped walking out of safeway and asked to empty our pockets and lift our shirts. how jacked up is that?
862,4,RT @jessverr I love the nerdy Stanford human biology videos - makes me miss school. http://bit.ly/13t7NR
863,0,torrents are taking foreverrrr. why is it so slow  fuck you youtube for halting my tv watching.
864,0,I just saw the spanish short film Aftermath. That's some fucked up 30 minutes!!... now I've lost my appetite 
865,0,"@united ,now you have Cancelled Flightled my wife and daughter's flt?? What's going on? Follow me so I can dm details."
866,4,"Very Interesting Ad from Adobe by Goodby, Silverstein &amp; Partners - YouTube - Adobe CS4: Le Sens Propre http://bit.ly/VprpT"
867,2, snow forecasted for Raleigh NC tomorrow night. Need to know if there's a plan to reschedule flights into RDU Wednesday night
868,2,: Be honest--only real surprise about #DeflateGate is that ARod isn't somehow involved.
869,0,?Obama Administration Must Stop Bonuses to AIG Ponzi Schemers ... http://bit.ly/2CUIg
870,0,@ohonefourthree this is me word for word. my stomach is all fucked up. sucks 
871,0,"North Korea, please cease this douchebaggery. China doesn't even like you anymore. http://bit.ly/NeHSl"
872,4,@mashable I never did thank you for including me in your Top 100 Twitter Authors! You Rock! (&amp; I New Wave :-D) http://bit.ly/EOrFV
873,0,omg. The commercials alone on ESPN are going to drive me nuts.
874,2,"Climate focus turns to Beijing: The United Nations, the US and European governments have called on China to co-o.. http://tinyurl.com/lto92n"
875,2,Investigation pending on death of Stanford CS prof / Google mentor Rajeev Motwani http://bit.ly/LwOUR tip @techmeme
876,0,You guys see this?  Why does Time Warner have to suck so much ass?  Really wish I could get U-Verse at my apartment. http://bit.ly/s594j
877,4,I want a driverless car so bad.
878,4,@marymayblood I would love to come help unpack   Let me know where I need to be Sat afternoon!
879,0,"8:28 AM - The driverless cars take us to the wrong spot. @DustyEyesSEM says, ""Damn Robots."" I agree. We board a bus. #DelucchiDoesGoogle"
880,0,how the fuck is watching a video on a driverless car going to make me a better driver?
881,4,"@nick_carter you are my IDOL, i love you!  you should reply to me.. &lt;3"
882,2, like continental's chicken feat fairs
883,4,@wordwhizkid Lebron is a beast... nobody in the NBA comes even close.
884,4,[#MLUC09] Customer Innovation Award Winner: Booz Allen Hamilton -- http://ping.fm/c2hPP
885,0,my dentist was wrong... WRONG
886,0,#WFTB Joining a bit late. My connection was down (boo time warner)
887,4,Gratitude is a great multiplier. Giving thanks and appreciating all we have opens doors for us to have more. 
888,4,@evelynbyrne have you tried Nike  ? V. addictive.
889,4,@deepbluesealove I was never an early morning person so I really didnt have anything to get over 
890,0,Kobe is the best in the world not lebron .
891,4,"@united Great, thank you!"
892,0,i hate the dentist....who invented them anyways?
893,0,@yayfuckbuddies haha I would but you won't 
894,0,"Boo! The kitchen fucked up my dinner order, they didn't give me french fries I think. Unless I didn't see them or someone took em  fail!"
895,0,Oh yay...I can't wait to get rear ended by one of Google's driverless cars.....who will I sue???? http://t.co/glUJ68aD0J
896,2,BaseballAmerica.com: Blog: Baseball America Prospects Blog ? Blog ... http://bit.ly/EtT8a
897,2,"It's got to be nice to be Ted Wells. There's steady work when you're the #NFL's go to guy for investigations.

#DeflateGate"
898,0,Should nott be up this early  fuckk me
899,0,Naive Bayes using EM for Text Classification. Really Frustrating...
900,0,Going to the dentist later.:|
901,2,@erickoston That looks an awful lot like one of Nike's private jets....I'm just sayin....
902,4,SOOO DISSAPOiNTED THEY SENT DANNY GOKEY HOME... YOU STiLL ROCK ...DANNY ... MY HOMETOWN HERO !! YEAH MiLROCKEE!!
903,2,@Plip Where did you read about tethering support Phil?  Just AT&amp;T or will O2 be joining in?
904,2,"√¢‚Ç¨≈ì:   I thought it was a self-driving car?!?!√¢‚Ç¨¬ù&lt; must be a manual override by a ""Type A"""
905,4,goodnight all &lt;3 goin to bed gotta get up early and get the fuck out of town tomorrow  canada here  I come
906,2,I'm truly braindead.  I couldn't come up with Warren Buffet's name to save my soul
907,2,"Watching a programme about the life of Hitler, its only enhancing my geekiness of history."
908,4,Blink by malcolm gladwell amazing book and The tipping point!
909,0,"Although today's keynote rocked, for every great announcement, AT&amp;T shit on us just a little bit more."
910,0,@united looks like today will be my 6th consecutive delayed flight from you...do I win a prize??? @Southwest Air why don't you fly to SBA? üò≠
911,4,"So, Night at the Museum 2 was AWESOME! Much better than part 1. Next weekend we'll see Up."
912,0,@Fraggle312 oh those are awesome! i so wish they weren't owned by nike :(
913,4,"@mitzs hey bud :) np I do so love my 50D, although I'd love a 5D mkII more"
914,0,obviously not siding with Cheney here: http://bit.ly/19j2d
915,4,I'm moving to East Palo Alto!
916,4,had a really good day    off to do some shoppping
917,2,New blog post: Nike Zoom LeBron Soldier 3 (III) - White / Black - Teal http://bit.ly/rouUS
918,4,@Cookcj I love reading your tweets but it would be nice to see your lovely mug when I read them. Where's your picture? 
919,0,"Driverless cars!?!?!?!?, I don't think so!! What about all of the rest of crazed &amp; drunk drivers on the road in our society today !??√∞≈∏‚Ñ¢¬è√¢≈ì≈í√Ø¬∏¬è√∞≈∏≈í≈Ω√∞≈∏‚Äô¬´√∞≈∏‚Ä°¬∫√∞≈∏‚Ä°¬∏"
920,0,Night at the Museum tonite instead of UP. :( oh well. that 4 yr old better enjoy it. LOL
921,4,GOT MY WAVE SANDBOX INVITE! Extra excited! Too bad I have class now... but I'll play with it soon enough! #io2009 #wave
922,2,Share: Disruption...Fred Wilson's slides for his talk at Google HQ  http://bit.ly/Bo8PG
923,0,saw night at the museum out of sheer desperation. who is funding these movies?
924,2,Warren Buffet on the economy http://ping.fm/Lau0p
925,4,reading on my new Kindle2!
926,0,Fuzzball is more fun than AT&amp;T ;P http://fuzz-ball.com/twitter
927,0,"dearest @google, you rich bastards! the VISA card you sent me doesn't work. why screw a little guy like me?"
928,4,@accannis @edog1203 Great Stanford course. Thanks for making it available to the public! Really helpful and informative for starting off!
929,4,"@united Thanks, ^KP. Please also mention the Quiche breakfast and Tandoori chicken dinner entrees and accompaniments are truly First Class."
930,0,"#Durham Driverless car causes crash in NC, two people injured - http://t.co/Oz48xG2bX4 http://t.co/sgdLDH1PJF #dur @DurhamNC_"
931,4,"Awesome viral marketing for ""Funny People"" http://www.nbc.com/yo-teach/"
932,2,I just extracted and open-sourced a jQuery plugin from Stormweight to highlight text with a regular expression: http://bit.ly/ybJKb
933,2,"Lounging around, eating Taco Bell and watching NCIS before work tonight. Need help staying awake."
934,4,"My wrist still hurts. I have to get it looked at. I HATE the dr/dentist/scary places. :( Time to watch Eagle eye. If you want to join, txt!"
935,0,"fuck, school tommorow "
936,4,"Want it!! ""@ForbesLife:  self-driving Rinspeed XchangE could redefine life behind the wheel. http://t.co/v6z6JpZX0B http://t.co/BYCRJL6B5H"""
937,4,The ever amazing Psyop and Goodby Silverstein &amp; Partners for HP! http://bit.ly/g2rU8 Have to go play with After Effects now!
938,4,Absolutely hilarious!!! from @mashable:  http://bit.ly/bccWt
939,2,:   Obama works as Patriots ball boy. Nothing he loves more than deflating a Patriots balls. #De‚Ä¶
940,2,@freitasm oh I see. I thought AT&amp;T were 900MHz WCDMA?
941,2, and I just saw the google car!  /vkougcNg
942,4,my exam went good. @HelloLeonie: your prayers worked (:
943,0,√¢‚Ç¨≈ì@edasneak: Who the hell would want a driverless car. I love to drive√¢‚Ç¨¬ù √∞≈∏‚Ñ¢‚Äπ√∞≈∏‚Ñ¢‚Äπ I would.
944,2,"This is cold.. I was looking at google's chart//visualization API and found this jQuery ""wrapper"" for the API...  http://tinyurl.com/mq52bq"
945,4,@ash_CT Aw dont you love that  I love for those days! Thanks about the pic ;-p
946,2,jQuery Cheat Sheet http://www.javascripttoolbox.com/jquery/cheatsheet/
947,0,fuck. Lidelle is my favorite 
948,4,@united Sivi Stewart at Lax was fantastic tonight helping to find a lost item for us at the airport.  Much thanks!
949,0,Ahh...got rid of stupid time warner today &amp; now taking a nap while the roomies cook for me. Pretty good end for a monday :)
950,4,Lakers played great!  Cannot wait for Thursday night Lakers vs. ???
951,4,@google is making driverless cars which is awesome http://t.co/t2hW30KzcX
952,4,"@united on a good note, the 2 employees I encountered @ Newark were fabulous. I was very Late Flight for my connecting flight and they got me on!!!"
953,2,jQuery UI 1.6 Book Review - http://cfbloggers.org/?c=30631
954,0,@apple Contact sync between Yosemite and iOS8 is seriously screwed up. It used to be much more stable in the past. #icloud #isync
955,0,"@legalgeekery Yeahhhhhhhhh, I wouldn't really have lived in East Palo Alto if I could have avoided it.  I guess it's only for the summer."
956,2,San Francisco today.  Any suggestions?
957,2,All-Star Basketball Classic Tuesday Features Top Talent: Chattanooga's Notre Dame High School will play host.. http://bit.ly/qltJA
958,0,I'm going to press the play button!! Wait no I'm not :( @apple fix your apps http://t.co/eteewIIjrO
959,0,NOOOOOOO my DVR just died and I was only half way through the EA presser. Hate you Time Warner
960,0,Time Warner cable phone reps r dumber than nails!!!!! UGH! Cable was working 10 mins ago now its not WTF!
961,0,Malcolm Gladwell is a genius at tricking people into not realizing he's a fucking idiot
962,4,And so a down day on the market...happy my stocks held up 
963,4,"@JonathanRKnight Hi Jon! Great to hear from you! See you on the cruise, I cannot wait! Hope all is well on the Knight bus!  You are loved!"
964,2, Just left #LaGuardia now...#Sunshine in a little over 2 hours
965,4,"@tweetshrink Hah, yea, I suppose ;)  And I love the customer service!! "
966,4,KOBE IS GOOD BT LEBRON HAS MY VOTE
967,2,Sony coupon code.. Expires soon.. http://www.coupondork.com/r/1796
968,2,"NVIDIA Names Stanford's Bill Dally Chief Scientist, VP Of Research http://bit.ly/Fvvg9"
969,2,@surfit: I just checked my google for my business- blip shows up as the second entry! Huh. Is that a good or ba... ? http://blip.fm/~6emhv
970,2,"Nike owns NBA Playoffs ads w/ LeBron, Kobe, Carmelo? http://ow.ly/7Uiy  #Adidas #Billups #Howard  #Marketing #Branding"
971,4,@Rebecca1158 goodnight. 
972,0,It is a shame about GM. What if they are forced to make only cars the White House THINKS will sell? What do you think?
973,2,"with the boyfriend, eating a quesadilla"
974,0,Reading the tweets coming out of Iran... The whole thing is terrifying and incredibly sad...
975,4,"@sketchbug Lebron is a hometown hero to me, lol I love the Lakers but let's go Cavs, lol"
976,0,Why the hell is Pelosi in freakin China? and on whose dime?
977,0,Shit's hitting the fan in Iran...craziness indeed #iranelection
978,0,"So fucking sick. No worries, chug on m'son! You have things to do and places to be... "
979,0,I'm hungry and I want IHOP now!  Bullfuck!
980,2,And then there was the time  discovered the potential value of self-driving cars: /CReH1CGZYV
981,0,"Wet hair + No Hair Dryer =  ... Dry fucker, DRY!!!"
982,4,"My dad was in NY for a day, we ate at MESA grill last night and met Bobby Flay. So much fun, except I completely lost my voice today."
983,2,"'Next time, I'll call myself Nike'"
984,4,@criticalpath Such an awesome idea - the  continual learning program with a Kindle2  http://bit.ly/1ZLfF
985,2, unfortunately not. I think I watched it take off from the bus. Rebooked for a Late Flightr flight now #planestrainsandautomobiles
986,2,Just saw the new Night at the Museum movie...it was...okay...lol 7\10
987,4,@betzitall Wall-E is a great battle for stress.   Yay for staying up all night and doing homework together!
988,0,"Talk is Cheap: Bing that, I?ll stick with Google. http://bit.ly/XC3C8"
989,0,"Algebra homework. On a Saturday, whatta great fucking day. Someone entertain me. PLEASE. "
990,4,"@spinuzzi: Has been a bit crazy, with steep learning curve, but LyX is really good for long docs. For anything shorter, it would be insane."
991,4,@CTesdahl well you can always digg or stumble...both have aided me greatly in wasting countless hours of my life 
992,0,The day I never have to deal with Comcast again will rank as one of the best days of my life.
993,0,wish i could catch every mosquito in the world n burn em slowly.they been bitin the shit outta me 2day.mosquitos are the assholes of insects
994,4,Stopped to have lunch at McDonalds. Chicken Nuggetssss! :) yummmmmy.
995,4,"SUPER INVESTORS: A great weekend read here from Warren Buffet. Oldie, but a goodie. http://tinyurl.com/oqxgga"
996,0,@boomboxhearts  i'm having dinner with (older) friends in like 3 hours.  fuck i'm so sorry to be shit. can't believe i've missed you 
